0.0834313,-0.0864705,-0.100235,0.0176664,0.0361733,-0.000189648,0.0226181,0.0583046,-0.00225064,-0.0561183,-0.0577654,0.126079,0.0266408,-0.163306,-0.177181,0.0721046,-0.0206257,0.00925683,-0.152628,0.134121,0.120688,-0.0730631,0.0903878,0.0490204,-0.107141,0.0691923,0.0361923,-0.237424,-0.109138,0.0248471,-0.122136,0.107083,0.024094,0.0961358,-0.0700528,-0.123885,-0.0669989,0.240801,-0.131054,-0.0593585,-0.0714131,-0.0325244,-0.0665216,0.0712632,0.00665813,0.0315592,0.075685,-0.0690007,-0.117985,0.0907511,0.113716,-0.11267,0.00845925,0.00679617,0.100508,-0.0494488,0.061768,0.02055,0.0385973,-0.111464,0.0827174,-0.0901252,0.0755771,0.0133212,0.088103,-0.206644,-0.0991812,0.090851,0.00262995,0.00309898,-0.0601836,-0.0594163,-0.0328851,-0.0437229,-0.103937,0.0335681,0.00906039,0.0365702,-0.0320032,0.0627105,-0.0681731,0.000688353,-0.087373,-0.104711,-0.0697689,-0.0688235,0.0678642,0.034415,0.0394727,-0.000974229,-0.0578491,-0.0801118,-0.126166,0.0122715,-0.00562432,0.155491,0.0756867,-0.035134,0.0407496,-0.00959615,0.0596497,-0.0246907,-0.0898847,0.141481,-0.0394171,-0.173823,-0.139622,0.0561535,-0.0693769,-0.10486,0.00843585,0.181621,-0.0437371,-0.0452811,0.0797077,0.0665501,-0.153435,-0.108067,-0.0155638,0.0510331,-0.0694419,0.16396,0.0670759,0.0162307,0.107865,-0.0210734,-0.00649823,-0.160229,1
0.0901269,-0.0313112,-0.0735307,0.0507177,0.00923859,-0.0168283,0.0213543,-0.0158811,-0.0646504,-0.0310533,-0.0160722,0.14916,0.0548094,-0.0962281,-0.182863,0.0447035,0.0475246,0.0325356,-0.12357,0.174819,0.091884,-0.0560143,0.0255283,0.057354,-0.0844775,0.112599,0.0205434,-0.156,-0.0876202,0.0997312,-0.154606,0.119289,0.0185041,0.0995508,-0.0541172,-0.108623,-0.0571513,0.252071,-0.0941733,-0.0859828,-0.113172,-0.0142009,-0.00294353,0.0825756,0.00181311,0.0211417,0.118527,-0.0740619,-0.127447,0.0892337,0.18169,-0.0588976,-0.0306387,0.0259059,0.158169,-0.0569715,-0.027999,0.0418385,0.0548735,-0.132971,0.0629558,-0.118024,0.0866601,-0.0100472,0.0876319,-0.182494,-0.0664381,0.0622451,-0.0713342,-0.000444657,-0.00610759,-0.0564428,0.00101205,-0.01892,-0.10955,0.0234014,0.038326,0.0223428,-0.0023734,0.063758,-0.0433566,0.00583497,-0.0550715,-0.110651,-0.0501345,-0.151573,0.0482669,0.0195979,0.105473,0.0322517,-0.108995,-0.0999283,-0.0873888,0.0522366,-0.023798,0.102709,0.115891,-0.0363778,0.0328581,-0.0521291,0.0265282,0.0878873,-0.0763594,0.161721,-0.0967862,-0.117708,-0.120002,0.0495451,-0.0233357,-0.104566,0.032588,0.161339,-0.0929478,0.0256142,0.0574245,0.00686356,-0.129781,-0.119257,-0.0428049,0.0362316,-0.0851656,0.145018,0.0845672,-0.0144087,0.144313,-0.00379913,0.0689784,-0.176614,1
0.101408,0.0245679,-0.121682,-0.0486422,-0.0562146,0.151379,0.0528323,-0.00891246,-0.111267,-0.0697032,-0.0714765,0.0833935,0.0421051,-0.0961027,-0.105998,-0.0364741,-0.0598618,-0.0521444,-0.00674008,0.0483407,0.0388639,0.0150635,0.0702174,0.0585657,-0.134332,0.0922426,0.0551459,-0.212711,-0.0755806,0.0864992,-0.124643,0.030142,-0.0186768,0.0891959,0.015694,-0.0917346,0.0400329,0.200017,-0.0765827,-0.0092513,-0.0639183,-0.080425,-0.00455848,0.0935747,-0.0866597,0.081682,0.170462,-0.0506764,-0.195348,0.14472,0.122587,-0.051467,0.0457402,0.0957602,0.163344,-0.000154049,0.0851316,0.124038,0.0433784,-0.161347,0.00882341,0.0027931,0.176156,-0.137194,0.113762,-0.131434,-0.00811311,-0.00898468,-0.0856329,0.06068,-0.0890448,-0.070645,-0.0730451,0.0507569,-0.00787451,0.0104936,-0.0122692,-0.0323184,0.0581884,0.0754249,-0.0323233,-0.0313118,-0.0376103,-0.0928192,-0.0454027,-0.125237,0.0295747,-0.0656696,0.0453051,0.0859247,0.00907918,-0.155093,-0.0313818,-0.0395281,-0.0181292,0.0593282,0.143739,0.0962229,0.0957543,0.0115356,0.0444098,0.144484,-0.0537705,0.155267,-0.13671,-0.107463,-0.123011,0.0679836,-0.161054,-0.0669143,0.113476,0.127045,-0.0249175,-0.0809274,0.0159446,0.0806279,-0.033362,-0.145857,0.0259509,0.0814764,0.0377528,-0.0263894,0.110474,-0.0431405,0.0731837,0.00457243,0.0510359,-0.0899205,1
0.0444464,-0.056091,-0.0497141,-0.00269306,0.0351944,-0.0115984,-0.0441724,0.0149605,-0.05398,-0.00853688,-0.0691395,0.0947991,0.00374616,-0.0892192,-0.115207,0.111482,0.0329268,0.0185673,-0.0824135,0.118849,0.0765709,-0.0391667,0.0712861,0.0292069,-0.070613,0.177206,0.0467945,-0.192531,-0.0866979,-0.0165292,-0.0726145,0.141566,0.00419451,0.0998731,-0.0389578,-0.0541581,-0.0204092,0.270404,-0.0469533,-0.0609786,-0.0782158,0.0085522,-0.00613902,0.0600053,0.0350444,0.0341079,0.126773,-0.0610368,-0.126262,0.0501493,0.13329,-0.113572,-0.0313674,0.0201626,0.137221,-0.0500423,0.0376352,0.0559583,0.0696053,-0.150842,0.0757054,-0.107384,0.0612433,-0.0159662,0.123953,-0.153799,-0.0935606,0.112219,0.0192564,0.0633058,-0.04567,-0.0180875,-0.0141089,-0.000612405,-0.0953209,-0.0477374,0.00359608,0.0932262,-0.00491464,-0.0179521,-0.0482209,0.0850499,-0.0659603,-0.13103,-0.0750973,-0.172347,0.0584824,0.0778987,0.0993887,-0.0017096,-0.0680693,-0.0374282,-0.0864804,1.2345e-05,0.0545041,0.173884,0.116065,0.00915127,0.000960311,-0.0256485,-0.0335954,-0.0140087,-0.108231,0.150502,-0.0546017,-0.138091,-0.155659,-0.0234665,-0.0172885,-0.112248,2.73156e-05,0.205625,-0.0565106,0.010287,0.113912,-0.0204673,-0.122396,-0.198072,-0.038429,-0.0102403,-0.00913161,0.202237,0.139683,0.000495347,0.0889378,-0.0558231,0.023424,-0.161434,1
0.0525518,0.0673344,-0.035152,0.0170913,-0.0296978,0.159268,0.0649923,0.025487,-0.0993204,0.0564039,0.0231292,0.0682642,0.0626361,-0.244399,-0.0481761,-0.0516256,-0.161291,0.0521067,-0.0629654,0.126541,0.0845622,-0.0962709,0.0779725,0.141025,-0.0574526,0.022567,-0.0332469,-0.248994,0.0387565,0.0415207,-0.0463078,0.0137971,-0.0511691,0.102228,0.0124204,-0.0728702,-0.0363468,0.146201,-0.0677612,-0.0509505,0.0138725,-0.198596,-0.0735674,0.147181,-0.159073,-0.0671004,0.167621,0.0320602,-0.177067,0.130551,0.104003,-0.00416729,-0.0582289,0.0174677,0.117938,-0.00143099,0.0383364,0.050183,0.0236245,-0.154965,-0.0384955,-0.0618646,0.192274,-0.0699254,0.0904565,-0.124214,-0.00113878,-0.0934617,-0.101644,0.0954044,-0.124897,0.0362732,-0.071959,0.119713,0.00024859,-0.103861,-0.0311416,0.0944502,0.0852465,0.125935,-0.0770848,-0.0442896,-0.00582536,-0.0596477,-0.00861206,-0.0677591,0.0562032,0.0275269,0.103617,0.0570942,0.062113,-0.0963547,-0.0466294,-0.0501362,-0.101045,-0.0790282,0.0385283,0.097715,0.0645855,-0.0633944,0.0560007,0.0897059,-0.0356017,0.108494,-0.00626046,-0.0244241,-0.0372581,0.148123,0.0414657,-0.0405041,0.0108556,0.196613,-0.0568468,-0.0776552,0.0651595,0.0404224,0.00285801,-0.1321,0.0703412,0.14721,0.0493826,-0.0307995,0.0202941,0.0369123,-0.0114044,0.027213,0.0883683,-0.00343894,1
0.0476523,0.148045,-0.0332077,-0.0553185,-0.0587222,0.206582,-0.047041,-0.0726131,-0.0446791,-0.0930522,0.0658697,0.0513055,-0.0101513,-0.128676,-0.0131396,-0.10966,-0.110435,-0.00187065,-0.013549,0.0476412,-0.00678454,0.157936,0.00688958,0.043796,-0.06352,0.0578547,0.105771,-0.126289,-0.00269867,0.0541694,-0.0057081,-0.0498937,0.0192431,0.0769874,0.0707414,0.0465564,0.0719352,0.0451353,-0.0333486,0.0731224,0.0312735,-0.121036,-0.0505022,0.17836,-0.163397,0.0714732,0.187149,-0.0264538,-0.201106,0.109238,0.0746766,0.075887,-0.0543036,0.0830221,0.0710453,0.0242832,-0.0395873,0.060623,-0.0351196,-0.0957459,-0.10443,-0.0530115,0.216951,-0.104107,0.0695611,-0.190606,0.117107,-0.0783216,-0.0634145,0.213249,-0.0050572,-0.0638251,-0.0280941,0.0309991,0.0760262,-0.0749851,-0.132018,0.0615531,-0.0306045,0.0783346,-0.00204358,0.0889022,0.0287776,-0.00925813,-0.0230758,-0.0241343,0.0423154,-0.0804713,-0.0533068,0.135502,0.0691799,-0.179135,-0.0671799,-0.0279863,-0.0534794,-0.0812308,0.0378991,0.0603046,0.060229,-0.0539629,-0.0547164,0.163571,-0.0214307,0.0741927,-0.090416,0.0172753,-0.0499528,0.08864,-0.102307,-0.0300041,0.100591,0.0525476,-0.0969488,-0.00572247,-0.0309172,-0.0147918,-0.0308372,-0.212555,0.0836015,0.0826656,0.145625,-0.0574248,0.0595282,0.021421,0.131843,-0.0196624,0.153234,0.0322548,2
-0.0126994,0.138665,0.0375316,-0.0193333,0.0187144,0.271364,-0.061158,-0.109104,-0.0950495,-0.0515601,-0.0163582,0.00879215,0.0164608,-0.148777,0.0513659,-0.0471604,-0.117388,0.088485,-0.00922609,0.0164033,0.0928391,0.0253946,0.0859575,0.0917672,0.0126637,-0.00253727,-0.0600926,-0.212489,0.022978,0.0391233,0.11713,0.00364228,-0.0286555,0.0781684,0.152222,0.0788183,0.0292262,0.00894609,0.00285693,-0.0457062,0.0548509,-0.135195,0.0236649,0.109715,-0.147758,0.022499,0.223451,0.0408095,-0.227386,0.0567277,0.0332523,-0.0355414,0.0394989,0.00693962,0.0579344,0.0637322,0.0400256,0.0749781,0.00613775,-0.169371,-0.0974881,0.0756818,0.16364,-0.167154,0.158056,-0.0611835,0.0369385,-0.0773924,-0.134279,0.220236,-0.0584402,0.00962898,-0.101859,-0.0171203,0.0478512,-0.0695791,-0.128406,0.0520566,0.0531394,0.075519,-0.0485144,0.0926428,-0.00152021,-0.0107129,-0.0569401,-0.0250921,0.0100248,-0.0278537,-0.0618928,0.146597,0.119935,-0.0936463,-0.00977193,-0.0537101,-0.0676013,-0.0418858,-0.00945934,0.222011,-0.00285589,-0.0331488,0.0259329,0.0883467,-0.0488252,0.0447363,-0.00874873,0.0400276,-0.0256223,0.0634877,-0.0159008,0.00887458,-0.00570405,0.0635556,-0.0693469,-0.0651688,0.0420306,0.0283032,-0.0671046,-0.160693,0.0553466,0.151969,0.168506,-0.0891423,0.0162765,-0.011007,-0.012039,0.0434454,0.10822,0.0287676,2
0.0749347,0.192852,0.0216497,-0.0999467,-0.0185291,0.249556,0.0365062,-0.0275389,-0.121414,-0.096102,0.0282853,-0.0113546,0.0415239,-0.0406714,0.0456508,-0.0787434,-0.0155629,-0.0753147,-0.0880745,-0.033357,0.0036792,0.193833,-0.0919638,0.0368303,-0.0524606,0.0399209,-0.0055004,-0.000638222,0.0948629,0.024918,0.0145272,0.0564966,-0.118922,0.126556,0.0209393,0.045508,0.070826,0.00605466,0.0149507,0.0870758,0.0993235,-0.0883818,0.0230476,0.0723679,-0.0590833,0.0816131,0.13927,0.0373168,-0.233232,0.00440401,0.0623879,0.067412,-0.0600503,0.0449863,0.0499412,0.0311811,-0.116648,0.163425,-0.0177756,-0.0879046,-0.114804,0.0672103,0.158307,-0.136054,0.0365704,-0.0115855,0.124176,-0.0339553,-0.101157,0.115967,-0.00567374,-0.0327048,-0.0151453,0.0767809,0.105521,-0.0383771,-0.059567,0.0127952,0.0033581,0.0421314,0.0889591,0.0647047,0.0709005,-0.0576186,-0.0356431,-0.0456244,0.0857419,-0.0926564,-0.101215,0.156484,0.127622,-0.188423,-0.0596493,0.024514,-0.0567349,0.0153336,0.102839,0.00927757,0.0153821,0.00159355,-0.048387,0.172543,-0.0590452,0.157159,-0.191975,0.0562959,-0.123578,0.108305,-0.0948992,-0.0809542,0.16128,0.0616286,-0.162848,0.0384295,0.0167762,-0.031531,-0.0893613,-0.115882,0.0459645,0.0646986,0.113692,-0.0705761,0.0936977,0.0268329,0.0889633,-0.00579018,0.0403186,-0.0767987,2
0.014149,-0.0221246,0.117058,0.016978,0.0611228,0.288477,0.0230877,-0.000414564,-0.0183305,-0.00740915,-0.0695743,-0.024717,-0.00141804,-0.135165,0.177506,-0.0938191,-0.120971,0.0756962,-0.0273417,-0.0807677,0.0664919,0.0599115,0.0242215,0.214642,0.0666712,-0.103569,-0.134918,-0.208672,-0.0115235,-0.0394279,0.219514,-0.0226122,-0.188649,0.0463177,0.114127,0.0886418,-0.0671637,-0.137955,-0.0363133,0.012412,0.133953,-0.0580315,-0.112604,0.075756,-0.0937472,-0.0987991,0.0483457,0.0981574,-0.0164053,0.00936391,0.0688376,-0.0903437,0.0812383,-0.0946749,0.0254885,0.0557253,0.00876098,0.13216,0.100426,-0.119587,-0.0799875,0.127422,0.0106551,-0.12704,0.0444532,-0.0525454,0.124883,-0.0573712,-0.0668748,0.162929,-0.0217902,0.168933,-0.0323286,-0.0172097,-0.0499252,-0.0657732,-0.153242,0.0470449,0.0736665,0.142373,0.0347393,0.0709895,0.0355271,-0.0463713,0.0217521,-0.0572193,0.104802,-0.00306444,-0.11306,0.0302421,0.100816,0.0415979,0.0309348,-0.0750692,-0.120247,-0.0141213,-0.0186021,0.0477086,-0.0329092,0.0262937,0.0770234,0.0323438,-0.0310309,-0.0323882,-0.0279144,-0.0147985,-0.0596408,-0.079404,-0.00185303,0.125019,0.040773,0.0851796,-0.0263223,-0.143389,0.0405522,0.0819847,-0.0618527,-0.0687434,-0.0723834,0.0896557,0.137217,-0.0813768,-0.0303399,-0.000358734,-0.0944238,0.0454846,-0.0294571,0.0600429,2
-0.049715,0.128746,0.0579927,-0.0428532,-0.0260056,0.255163,-0.0806465,-0.0651313,-0.0923004,0.0814455,0.0529983,-0.0551221,0.0237257,-0.140674,0.0989104,-0.078157,-0.0618058,0.0958632,0.0802098,-0.0609124,0.0495887,0.0113385,-0.0604624,0.16044,0.0679767,0.0175318,-0.0176792,-0.133628,0.110964,0.0112431,0.187732,-0.103091,-0.0824113,-0.0142905,0.14637,0.102939,-0.0812108,-0.165192,0.0578754,-0.0227279,0.0320268,-0.154748,-0.0660794,0.158733,-0.0314478,-0.0446657,0.124955,0.12243,-0.179845,-0.107205,0.0332395,0.0233349,0.0718951,-0.148719,-0.0618269,0.124285,-0.0842567,0.117144,0.0315548,-0.115283,-0.0986925,0.0687527,0.143424,-0.0680752,0.0707316,-0.00940435,0.0805643,-0.121516,-0.118026,0.111038,-0.0605387,0.00990861,-0.0992093,-0.120723,0.0202836,-0.0993949,-0.124106,0.0940032,0.0805989,0.149537,-0.0254284,0.0276839,0.0266622,-0.0019604,-0.0193681,-0.0582746,0.0335995,-0.0580924,-0.0249565,0.0895454,0.0507253,0.0388131,0.0259236,0.041201,-0.0788775,-0.0621614,-0.00946561,0.0780677,-0.0520898,-0.055033,0.0611695,0.113383,-0.0688051,-0.0828417,-0.0142034,0.103264,0.0520831,-0.0412605,0.029688,0.0467048,0.0578905,0.00923977,-0.0502342,-0.0887459,0.0342499,0.0282565,-0.122942,-0.0778353,0.0332527,0.074063,0.104132,-0.231797,-0.0736502,-0.0531126,-0.0420513,0.123351,0.0268196,0.0376107,2
0.0940649,-0.00713477,0.0739943,0.109843,0.00968961,0.158298,0.183591,0.0482614,-0.0213178,0.0368435,-0.0409226,-0.00919665,0.0572626,-0.154007,0.168189,0.00681441,0.0316443,0.0470453,-0.0428697,-0.057203,0.0298054,0.0310699,-0.066464,0.188496,0.00321251,-0.140268,-0.162612,-0.201308,-0.0461668,0.0772699,0.0876639,0.142572,-0.119972,0.102828,0.0509496,-0.0568644,0.118003,-0.105077,0.00181739,0.0169507,0.129498,-0.0862103,0.0658374,-0.0512333,-0.0165497,-0.0905544,0.0478234,-0.0229786,0.00102656,-0.0221972,0.176076,-0.211806,0.0642844,-0.00543172,0.0237027,0.0759099,0.00201994,0.0183764,0.131544,0.0259518,-0.0502025,0.0165009,-0.161018,-0.264304,0.0695601,-0.0239377,0.076954,-0.187389,-0.13498,-0.0918593,-0.0994957,0.0746072,-0.0550493,-0.00274727,-0.039323,0.0198482,0.037346,0.0762416,0.0392801,0.0814779,0.0424474,-0.051375,-0.0128464,-0.00660781,0.0584711,0.0495923,0.0564275,-0.133629,-0.161072,0.024672,-0.0175887,-0.0272499,-0.0218391,-0.0795526,-0.144151,0.112698,0.0405364,-0.0202031,0.0193096,0.115286,0.0340174,0.00756467,0.00446232,0.131336,4.38662e-05,-0.113257,-0.0241323,0.000385691,-0.113379,0.093191,-0.106057,-0.0242067,0.00659054,-0.170304,-0.030937,0.0260081,0.00283075,0.0138714,-0.167676,0.0362206,0.0724507,-0.0280754,-0.0100486,0.070591,0.0267978,-0.0147928,-0.113563,-0.06076,3
0.102415,0.0586918,-0.0406027,0.0880947,-0.0203789,0.208927,0.109879,0.0500902,0.0344934,0.0543772,0.0594965,-0.0154525,0.0810781,-0.22824,0.0920915,-0.00491689,-0.0425189,0.0720477,-0.0712065,-0.0215785,0.084724,0.000539249,0.0225509,0.139389,-0.0348391,-0.200132,-0.104507,-0.276451,-0.0787509,0.108536,0.0578867,0.0422418,-0.0418238,0.122748,0.0619737,-0.0385654,0.116586,-0.0822589,-0.0428269,0.0239292,0.0365885,-0.14319,-0.0203572,0.0277896,-0.0760153,-0.106492,0.0660637,0.0258893,-0.0302603,0.086791,0.162815,-0.152285,-0.0158493,0.0154224,-0.0111324,0.0698477,0.0206226,-0.0740469,0.073694,0.00221008,-0.0596765,-0.0428865,-0.0473967,-0.264359,0.0918927,-0.152848,0.0621944,-0.127425,-0.0948252,-0.0173358,-0.101195,0.0415078,-0.0872631,-0.0589654,-0.067491,-0.0157963,0.0161938,0.107194,-0.00792012,0.124928,-0.00220311,-0.0903579,-0.0539182,0.0183182,0.00860625,0.134272,0.0276249,-0.159748,-0.0944627,0.0598493,-0.0155444,-0.118907,-0.0732383,-0.0641357,-0.14998,0.0160966,-0.0518686,-0.0164421,0.00740957,0.10882,0.100637,0.0242465,-0.00800311,0.0623149,0.0827018,-0.108504,-0.00397603,0.0431672,-0.127702,0.119501,-0.12016,-0.0220027,0.0325934,-0.149548,-0.0366355,0.0644833,0.0104923,0.00597333,-0.0852891,0.08522,0.0629356,-0.035824,-0.00976888,0.146837,0.0916233,-0.0433439,-0.0339359,-0.00790793,3
0.0739924,0.00198262,0.0359396,0.158425,-0.00439361,0.124347,0.138788,0.0452564,0.0842119,-0.0375697,0.014712,0.0123801,0.0344179,-0.22528,0.0998781,-0.0164285,-0.0316711,0.0289328,-0.101687,0.043574,0.0684169,-0.0464896,0.0122321,0.171015,-0.00131401,-0.198944,-0.170224,-0.263992,-0.0942035,0.0471453,0.120349,0.0909365,-0.0448462,0.134578,0.0215474,-0.026173,0.121406,-0.0258865,-0.0666217,0.0136778,0.124357,-0.101128,-0.00423056,-0.0310846,-0.0476403,-0.128747,0.0585314,-0.0370725,0.0379579,0.0740866,0.0860877,-0.19583,0.0155761,0.0164185,0.0310021,0.0509958,-0.00417277,-0.0503461,0.0718568,0.0121654,-0.069567,-0.0238048,-0.108114,-0.261677,0.0814678,-0.105445,0.0969803,-0.18675,-0.106936,-0.0525701,-0.0883269,0.0672544,-0.0532435,0.0412025,-0.0281282,-0.0269943,0.0261686,0.107294,-0.0104165,0.123708,-0.0524106,-0.0541161,-0.0490269,-0.00101616,0.0432443,0.125614,0.0405332,-0.110362,-0.138794,-0.0216414,0.0146128,-0.0925849,-0.0164043,-0.114365,-0.121526,0.031328,-0.0266672,-0.0405948,0.00406744,0.107472,-0.00428599,-0.0470064,-0.0089543,0.116089,0.0746253,-0.079307,0.0162059,0.0566664,-0.0887112,0.100513,-0.16111,0.00039571,-0.00760286,-0.138995,-0.0364701,0.0308713,0.0286649,-0.0329149,-0.0945843,0.095064,0.0410693,0.0744923,-0.0496713,0.165981,0.0558559,-0.052148,-0.0531322,-0.0147619,3
0.0790303,0.0529594,0.0666483,0.112341,-0.0141241,0.143399,0.165899,0.0200578,-0.00401546,0.0309699,0.0380249,-0.00995888,0.0848336,-0.161027,0.139059,0.00767998,0.0147556,0.0624662,-0.11419,-0.0143563,0.0483288,-0.0145119,-0.0399533,0.207233,0.000924839,-0.174812,-0.17374,-0.185764,-0.0252034,0.0787568,0.0989269,0.147876,-0.0976233,0.155143,-0.00469032,-0.0406954,0.0879222,-0.0628568,-0.00436906,0.0751487,0.113239,-0.117579,0.0302593,-0.0576327,-0.0170195,-0.122671,0.0524546,-0.00635439,-0.0334113,0.0159667,0.139367,-0.181837,-0.008042,-0.00868814,-0.0234959,0.0826157,-0.02404,0.0362726,0.0951658,0.0533116,-0.0861532,0.0260945,-0.112862,-0.266359,0.048903,-0.0152792,0.0860708,-0.183824,-0.176843,-0.064964,-0.105824,0.0667875,-0.0606993,0.0654168,-0.00527259,-0.0348729,0.0565902,0.068044,0.00464164,0.0821752,0.00316178,-0.0685471,-0.0308599,-0.0317547,-0.00614264,0.118397,0.0481615,-0.180296,-0.153785,0.0126168,0.0135327,-0.0931243,0.00331014,-0.0727743,-0.115379,0.0855738,-0.0439342,-0.0338101,0.0208219,0.114609,0.00247744,-0.0198866,-0.0221795,0.184518,0.0467767,-0.0598262,-0.018565,0.0581437,-0.0845187,0.0447938,-0.131927,0.0199531,-0.00632927,-0.12037,-0.0436562,0.0189934,0.0174264,0.021389,-0.0889734,0.0950133,0.0653613,-0.0100701,-0.0637685,0.142526,0.0115989,-0.0224268,-0.120864,-0.0623136,3
0.112023,-0.00120213,-0.0155822,0.0919078,0.0445807,0.150271,0.188156,-0.0124682,0.0172571,0.0502384,0.00976214,0.00664348,0.0757528,-0.163847,0.105969,0.0562232,0.0227849,0.0899647,-0.0837974,-0.0309788,0.0802306,0.0344371,-0.058027,0.165013,-0.0371336,-0.103659,-0.15976,-0.256641,-0.0374742,0.133939,0.0356854,0.211687,-0.0990628,0.135879,0.0815795,-0.0387366,0.147531,-0.0683989,0.0178718,-0.0179211,0.108448,-0.0905443,0.0567905,-0.0340242,-0.0224099,-0.0466892,0.0730998,0.0286824,-0.0312906,-0.0425515,0.144915,-0.185938,0.0455012,0.0137781,0.0598194,0.0754734,0.0211248,-0.006666,0.0697308,0.0329953,-0.0327359,-0.0180863,-0.0825291,-0.238008,0.0850564,-0.0591252,0.0344324,-0.10685,-0.0776671,-0.0599921,-0.115507,0.0409768,-0.0810794,-0.0300107,-0.0669842,0.0104127,0.0297765,0.118033,-0.0125366,0.0272945,0.063548,0.0201315,-0.0658976,-0.0319526,0.00310469,0.0876915,0.0576011,-0.135911,-0.160118,0.0648678,0.0382222,-0.0605028,-0.0743168,-0.0799504,-0.144602,0.123919,-0.00987603,-0.0271259,0.0672561,0.097104,0.102518,-0.0113541,-0.00405614,0.125758,0.0278779,-0.12952,-0.0471644,0.024046,-0.122537,0.113451,-0.10373,-0.00483126,-0.011196,-0.175786,-0.00238683,0.0442773,-0.0312915,-0.0465387,-0.157695,0.03529,0.0983735,0.0125542,0.033973,0.124507,0.00369773,-0.0101613,-0.112126,-0.084302,3
0.0169133,0.21446,0.11321,-0.030999,-0.0160694,0.12218,-0.00480916,-0.0121662,-0.0500087,0.0341895,0.00659135,-0.0706833,-0.0666731,-0.0796836,0.0330455,0.0495901,-0.0375923,-0.00882771,0.0529739,-0.134764,0.124994,0.124057,-0.0914286,0.0486066,0.0634128,0.019064,0.0297117,-0.060433,0.163374,0.128994,-0.0642385,-0.0573422,-0.032777,0.0187664,0.095465,-0.0309919,0.0761834,-0.0581897,0.0716822,0.0219805,-0.0363848,-0.101634,0.0359599,-0.00618711,0.0773568,0.223336,0.121908,-0.0767847,-0.193713,-0.131032,0.137688,0.215359,0.00696532,0.00981578,0.0766162,0.0538848,0.122261,-0.0626974,-0.00459642,-0.0553408,0.084493,-0.0750143,-0.00450848,-0.0263528,0.0523452,-0.137431,0.0237572,0.000878241,0.062122,0.176847,-0.0258152,0.00131317,-0.13725,-0.163152,0.0830076,0.0626113,-0.0768837,0.226494,-0.0107222,0.045331,0.0232385,0.152573,0.0979747,0.113994,0.0641102,-0.00414046,0.00493403,-0.0200223,-0.0862207,0.134735,-0.0398525,-0.0288383,-0.113955,0.0693733,-0.128615,-0.0177581,0.0873276,0.0298534,0.13529,-0.0278493,0.0927539,0.129475,-0.036343,0.0535918,-0.0663849,-0.0614592,-0.0101628,0.0448506,-0.0539881,-0.052104,0.0471841,-0.0462855,-0.113956,-0.10233,0.0997886,0.0915366,-0.157961,-0.128467,-0.0888247,0.00956112,0.0692167,0.018461,0.0420619,-0.0392871,0.0873375,0.115473,0.109549,0.000698428,4
-0.0360201,0.167433,0.12664,-0.114397,-0.054954,0.190818,-0.03514,0.0783706,-0.0666583,0.0236015,0.00438611,-0.0871862,-0.0148051,-0.0865342,0.151828,-0.106226,-0.137833,-0.116576,0.0314102,-0.120089,0.0125816,0.123188,-0.134407,-0.0140076,0.0303107,0.0491055,-0.0559611,-0.0465345,0.0640671,-0.0523573,0.0574745,-0.149496,-0.112251,0.013681,0.0324936,0.0666991,0.045609,-0.0755543,0.0823423,0.153419,0.122732,-0.0577087,-0.0762472,-0.0164787,0.00775255,0.101266,0.0861069,-0.0524547,-0.1176,-0.0978367,0.00342357,0.115556,-0.0339449,0.0488669,0.00695528,0.043628,0.0125291,-0.00815229,-0.0332107,-0.0906738,-0.0285581,0.0280185,-0.00475146,-0.0109668,-0.0350902,-0.0198009,0.188551,0.0628862,0.146238,0.0380372,0.082627,0.0824576,-0.018637,-0.0289297,0.191185,0.0459018,-0.228457,0.0991409,0.0484264,0.131128,-0.0133601,0.110131,0.169781,0.119046,0.00407017,0.0722801,0.162702,0.00167863,-0.0555007,-0.0137704,-0.0015765,-0.0577494,0.0623596,0.0337953,-0.210936,-0.160496,0.0724536,-0.0551612,-0.01178,-0.027366,-0.0469997,0.095351,-0.016843,0.0128548,-0.116508,0.0606461,-0.0516643,0.0784916,-0.115654,0.00754203,0.116378,-0.0544397,-0.166019,-0.0672808,-0.0074688,0.0458034,-0.182139,-0.115397,-0.0735636,-0.0628708,0.0989034,-0.0367513,0.00662634,0.00742643,0.063963,0.0523578,0.0114177,0.0964283,4
0.0773999,0.0386289,-0.0764733,-0.0331772,-0.0230864,0.109245,0.0507983,0.154703,-0.111012,0.0784372,-0.0534767,0.0482628,0.0829353,-0.228859,0.00662234,-0.0533548,-0.0055823,-0.0350731,-0.062053,0.135566,-0.0208624,0.028672,0.0106875,0.086066,-0.107627,0.0297228,-0.00350777,-0.198493,-0.0370699,-0.0146559,-0.0694288,-8.10619e-05,-0.0442638,0.0693964,-0.0457748,-0.0869932,0.0231449,0.0943943,-0.137339,0.0342139,0.0281216,-0.0877097,-0.0490247,0.17297,-0.117285,0.0133429,0.138587,-0.0125197,-0.0982658,0.14204,0.195465,-0.0872954,-0.0907493,0.0159702,0.0709374,-0.0485311,-0.0109257,-0.0370287,0.170597,-0.155672,-0.0176997,-0.08706,-0.00916074,-0.0521106,0.0111702,-0.267929,0.0826883,-0.0462097,0.0190269,-0.0668831,-0.0211587,0.0158274,0.0399583,0.0342068,-0.036558,-0.00723556,-0.0972647,0.14518,0.0679611,0.13319,0.00509519,-0.0268413,0.00472518,-0.0053411,0.0734198,-0.0404951,0.0999104,-0.00783202,0.0905476,-0.00445207,-0.10342,-0.0550956,-0.100514,-0.0616363,-0.123646,-0.0185404,0.153094,-0.0250533,-0.0658905,-0.073953,-0.0207917,0.107743,0.0324744,0.120586,-0.16608,-0.133073,-0.134375,0.107543,-0.076016,0.0340736,0.083706,0.135759,-0.0872052,-0.0631115,-0.0765586,-0.036604,-0.0909802,-0.188486,-0.0885063,-0.00604719,-0.0250892,0.0545299,0.0790139,0.0628138,0.0870012,-0.118556,-0.0339724,-0.0669649,4
0.0538523,0.170926,0.0489016,-0.0679321,-0.0770578,0.143581,0.00259519,0.0797503,-0.0485641,-0.0408805,0.0186465,0.00800946,-0.0328453,-0.151933,-0.0454113,0.0345329,-0.09084,-0.0809052,-0.0840724,-0.0499726,0.0798217,0.150094,-0.0994818,-0.00523495,-0.0402393,0.104074,0.0595726,-0.0791764,0.0107405,0.0314432,-0.105285,-0.0407914,-0.0552195,0.100666,-0.0234665,-0.067151,0.0791829,0.0671338,0.0293589,0.126308,0.000101896,-0.0684245,0.0500703,0.0546392,0.0593692,0.0521528,0.15973,-0.144318,-0.187503,0.0451852,0.183839,0.0560785,-0.121704,0.135148,0.112622,-0.00964149,0.0210063,-0.0218924,0.0149187,-0.14515,0.0302396,-0.11908,0.0519174,-0.0438069,0.00652388,-0.164878,0.0745923,0.017373,0.0764371,0.100245,0.017982,0.000371453,-0.00476856,0.00202424,0.0926522,-0.00635933,-0.0888524,0.129727,-0.0380709,0.0618099,0.0474729,0.114201,0.125467,0.0365157,-0.0223314,0.00343535,0.0921493,-0.0193956,0.0111966,0.0722888,-0.0841408,-0.173287,-0.141669,0.0273634,-0.11524,0.0273808,0.121987,-0.0284039,0.0286443,0.00828102,-0.0697645,0.10234,-0.0446957,0.161748,-0.114187,-0.0689907,-0.12951,0.101417,-0.178679,-0.117311,0.0778517,0.0623796,-0.141591,-0.00981871,0.053895,-0.000446489,-0.126457,-0.141048,-0.056179,-0.0550501,0.0711825,0.103952,0.1718,-0.0100912,0.184686,-0.0301088,0.111335,-0.0259526,4
0.0633622,0.045812,0.0193102,-0.0390723,-0.0844537,0.222739,0.0698496,0.112398,-0.0208164,0.0211353,-0.0294462,-0.0181825,0.0420347,-0.164124,0.145344,-0.136155,-0.0843213,-0.0346094,-0.0396241,-0.0915706,-0.0323698,0.142224,-0.0521311,0.0700847,-0.0569865,-0.0270661,0.00134083,-0.191862,-0.122206,0.00236076,0.00932137,-0.016968,-0.0516985,0.115449,0.0501491,-0.0394773,0.132555,-0.03817,-0.0644055,0.0598722,0.123964,-0.145325,-0.040507,0.0822973,-0.10809,0.00146034,0.0685057,-0.0203763,-0.0894335,0.045383,0.174962,-0.107175,0.0294672,0.0746146,0.0603884,0.0412979,-0.00156143,-0.0587823,0.101453,-0.130554,-0.0499697,-0.0527972,-0.0787683,-0.132709,0.0190258,-0.116672,0.149069,-0.0345844,0.0205267,0.0121073,-0.0399869,-0.0280593,-0.0210318,-0.0698153,0.0293716,0.0149297,-0.152884,0.0381923,0.0389283,0.133183,0.0201639,0.000526339,0.0544001,-0.00201749,0.0387365,0.0142027,0.132816,-0.0918467,-0.0606587,0.0902061,-0.0426909,-0.125533,-0.0325068,-0.077582,-0.249907,0.016553,0.0718174,-0.0656919,0.0328756,0.0143021,0.0522268,0.11538,0.0265284,0.0519212,-0.0673546,-0.152468,-0.124864,0.0434518,-0.247011,0.0708712,0.0735845,0.0220412,-0.0755016,-0.152552,-0.0540729,0.00469512,-0.095061,-0.142717,-0.0702554,-0.0219461,0.152052,-0.0518242,0.0728812,0.0630968,0.178392,-0.0941259,0.0213254,0.00907729,4
